{"intents":[{"name":"checkticket","samples":["Please help me check a ticket","is this alarm a false one","chk this IN"],"slots":[{"name":"ticketnumber","type":"GSDticketnumber","samples":[]}]}],"types":[{"name":"GSDticketnumber","values":[{"name":{"value":"IN57678764","synonyms":[]}},{"name":{"value":"IN234534325","synonyms":[]}},{"name":{"value":"IN987654323","synonyms":[]}},{"name":{"value":"IN2345354325","synonyms":[]}},{"name":{"value":"IN76854322","synonyms":[]}},{"name":{"value":"IN312554336","synonyms":[]}},{"name":{"value":"IN653321215","synonyms":[]}},{"name":{"value":"IN243546578654","synonyms":[]}},{"name":{"value":"IN434565","synonyms":[]}},{"name":{"value":"IN6543221","synonyms":[]}},{"name":{"value":"IN45567877565","synonyms":[]}},{"name":{"value":"IN754344","synonyms":[]}},{"name":{"value":"IN5674754543","synonyms":[]}},{"name":{"value":"IN09876543","synonyms":[]}}]}],"prompts":[{"id":"Elicit.Intent-checkticket.IntentSlot-ticketnumber","promptVersion":"1.0","definitionVersion":"1.0","variations":[{"type":"PlainText","value":"what\u0027s your ticket number?"}]}],"dialog":{"version":"1.0","intents":[{"name":"checkticket","confirmationRequired":false,"prompts":{},"slots":[{"name":"ticketnumber","type":"GSDticketnumber","elicitationRequired":true,"confirmationRequired":false,"prompts":{"elicit":"Elicit.Intent-checkticket.IntentSlot-ticketnumber"}}]}]}}